{
    "fileVersion": 1,
    "runNumber": -1,
    "collisionTime": "Thu Jan  1 00:59:59 1970",
    "workflowVersion": 1.0199999809265137,
    "workflowParameters": "Thu Mar 17 01:43:26 2022 t:00000000000000000000000000000001 c:00000000000000000000000000000001",
    "trackCount": 3,
    "mTracks": [
        {
            "count": 32,
            "source": 0,
            "gid": "[ITS/0/00]",
            "time": 693117120.0,
            "charge": 1,
            "theta": 1.0768141746520997,
            "phi": 1.6202280521392823,
            "eta": 0.5153919458389282,
            "PID": 2,
            "jsonStartingXYZ": [
                2.2600672245025636,
                -0.06661214679479599,
                9.411200523376465
            ],
            "mPolyX": [
                1.2238560914993287,
                1.1632741689682007,
                1.1029921770095826,
                1.043009877204895,
                0.9833266735076904,
                0.9239424467086792,
                0.8648579120635986,
                0.8060723543167114,
                0.7475852966308594,
                0.6893976926803589,
                0.6315085291862488,
                0.5739174485206604,
                0.5166239142417908,
                0.4596293568611145,
                0.4029337763786316,
                0.34653717279434206,
                0.29043713212013247,
                0.234634667634964,
                0.1791306883096695,
                0.12392426282167435,
                0.06901346892118454,
                0.01440022699534893,
                -0.039916422218084338,
                -0.093935526907444,
                -0.14765708148479463,
                -0.2010820508003235,
                -0.25421327352523806,
                -0.3070460259914398,
                -0.3595831096172333,
                -0.411822646856308,
                -0.46376749873161318,
                -0.5154176950454712
            ],
            "mPolyY": [
                1.9011883735656739,
                3.128702163696289,
                4.356034755706787,
                5.583186626434326,
                6.810158729553223,
                8.03695011138916,
                9.263561248779297,
                10.489992141723633,
                11.716242790222168,
                12.942313194274903,
                14.168203353881836,
                15.393913269042969,
                16.61944580078125,
                17.84479522705078,
                19.06996726989746,
                20.294958114624025,
                21.5197696685791,
                22.744401931762697,
                23.968854904174806,
                25.193126678466798,
                26.41722297668457,
                27.641138076782228,
                28.8648738861084,
                30.08843231201172,
                31.311809539794923,
                32.53500747680664,
                33.75802993774414,
                34.980873107910159,
                36.20353698730469,
                37.426021575927737,
                38.64833068847656,
                39.870460510253909
            ],
            "mPolyZ": [
                9.411200523376465,
                10.073039054870606,
                10.734772682189942,
                11.396401405334473,
                12.0579252243042,
                12.719344139099121,
                13.380658149719239,
                14.041866302490235,
                14.702971458435059,
                15.363971710205079,
                16.02486801147461,
                16.685657501220704,
                17.346345901489259,
                18.00693130493164,
                18.667409896850587,
                19.327781677246095,
                19.988052368164064,
                20.648218154907228,
                21.30828094482422,
                21.968238830566408,
                22.628095626831056,
                23.287845611572267,
                23.947492599487306,
                24.60703468322754,
                25.266477584838868,
                25.925813674926759,
                26.585046768188478,
                27.244178771972658,
                27.903207778930665,
                28.5621337890625,
                29.220958709716798,
                29.87967872619629
            ],
            "mClusters": [
                {
                    "X": -0.6560512781143189,
                    "Y": 39.377830505371097,
                    "Z": 29.58238410949707
                },
                {
                    "X": -0.400205135345459,
                    "Y": 34.561222076416019,
                    "Z": 27.088829040527345
                },
                {
                    "X": 0.14389200508594514,
                    "Y": 24.545249938964845,
                    "Z": 21.547622680664064
                },
                {
                    "X": 0.36778539419174197,
                    "Y": 19.89106559753418,
                    "Z": 19.148242950439454
                },
                {
                    "X": 1.1434530019760132,
                    "Y": 3.7769532203674318,
                    "Z": 10.422468185424805
                },
                {
                    "X": 1.1724853515625,
                    "Y": 2.881474733352661,
                    "Z": 9.94686508178711
                },
                {
                    "X": 1.2159004211425782,
                    "Y": 1.9059842824935914,
                    "Z": 9.407137870788575
                }
            ]
        },
        {
            "count": 34,
            "source": 0,
            "gid": "[ITS/1/00]",
            "time": 693117120.0,
            "charge": 1,
            "theta": 2.064669132232666,
            "phi": 4.770211696624756,
            "eta": -0.5152678489685059,
            "PID": 2,
            "jsonStartingXYZ": [
                2.1888318061828615,
                0.34154820442199709,
                7.420267581939697
            ],
            "mPolyX": [
                1.3573647737503052,
                1.4226902723312379,
                1.4876954555511475,
                1.5523806810379029,
                1.6167452335357667,
                1.6807891130447388,
                1.7445122003555298,
                1.8079147338867188,
                1.8709957599639893,
                1.9337562322616578,
                1.996195673942566,
                2.0583136081695558,
                2.1201095581054689,
                2.181584596633911,
                2.24273681640625,
                2.3035664558410646,
                2.364074945449829,
                2.4242610931396486,
                2.4841248989105226,
                2.543665885925293,
                2.60288405418396,
                2.661780595779419,
                2.7203526496887209,
                2.778602361679077,
                2.836528778076172,
                2.8941309452056886,
                2.9514107704162599,
                3.0083656311035158,
                3.064997911453247,
                3.121307849884033,
                3.177292585372925,
                3.2329540252685549,
                3.288287401199341,
                3.343299627304077
            ],